"","Initial_Bugs","Customer_Claims","Time_Failure"
"1",3.63431470841169,13.5490569733083,1.61756415458251
"2",1.68131481204182,11.2451018299907,0.91424115459792
"3",4.4154541650787,12.2346835192293,1.13491350241913
"4",2.45686489343643,11.3444785233587,1.36971181636857
"5",2.52396013401449,12.3040555138141,2.00734022797363
"6",4.58969679940492,13.2821829291061,0.755128985949034
"7",3.35842527355999,12.5578683810309,0.843194818290593
"8",2.29073481447995,14.3505003238097,1.82468657104135
"9",2.97464396245778,14.7121406430379,1.62858202711544
"10",1.32962173130363,14.4816178837791,0.906761637934771
"11",3.95450838189572,11.8927802890539,1.35933273115991
"12",1.77965928241611,11.0055808406323,1.40449681387615
"13",3.09021782130003,13.5392805309966,1.20920948967574
"14",4.19598314724863,14.6715435916558,1.14713464412329
"15",4.1032157400623,13.7552216108888,0.737653025445106
"16",2.66495241876692,13.3832535985857,1.30433545015593
"17",2.18343697488308,12.5623663598672,1.72132721894287
"18",3.71797200012952,13.9624489462003,1.83874505649796
"19",2.67864872608334,13.9785920456052,1.22234198938279
"20",2.88707279972732,11.1671365471557,1.90841098273193
"21",2.63365865126252,14.005171392113,1.29840451989341
"22",1.99823681544513,14.366820522584,1.58944464083739
"23",1.62519698776305,12.779615602456,1.07684196873042
"24",1.51524924114347,12.3130654124543,1.15502590195222
"25",4.98406313825399,11.1112767979503,1.24664476713599
"26",3.88493580464274,12.0115213356912,2.08392915843411
"27",4.62942733801901,11.7819120166823,1.83174924410008
"28",1.35703122243285,12.5437770653516,1.53919399734261
"29",3.61662349570543,12.4581148298457,1.55386881698606
"30",2.16479269787669,13.4972170097753,1.86960238210252
"31",3.62487906869501,13.1554910391569,0.663589408818246
"32",1.81631812080741,12.4145819805562,1.23925604471999
"33",2.24311992153525,14.6293824920431,1.59190798322599
"34",2.54150228761137,11.7175027001649,0.918981566809047
"35",4.58220843225718,13.1349303349853,1.626760396912
"36",4.76002724282444,13.106409327127,1.18427526649523
"37",4.40092704538256,12.0631931927055,1.11569896969846
"38",4.96180280763656,12.2903247084469,0.504533271600418
"39",2.58429827354848,14.9057552879676,1.12043137161531
"40",2.40502004232258,11.5552913984284,1.70128344656454
"41",4.58293174859136,13.2156764483079,0.583151106420789
"42",2.534528773278,12.4142364403233,1.11831215760531
"43",2.10521292686462,13.6770855328068,1.23450284641483
"44",3.3227618066594,14.9523400403559,1.42821222301711
"45",1.76171819958836,11.1866164216772,2.04423766691251
"46",1.93785828351974,12.0316560138017,1.01369243319133
"47",2.33444267138839,12.6630501169711,1.92449092881246
"48",2.59042434301227,14.460997544229,1.12693320618882
"49",2.47986536100507,12.8929795650765,1.12596373049448
"50",2.02132821269333,12.3228834001347,2.22689738762877
"51",4.70935861393809,13.3114536991343,2.19298555379377
"52",3.04698812123388,14.1825714884326,1.42852854131583
"53",3.14229007065296,11.9905583811924,1.65471405189147
"54",1.23083581402898,11.7878001853824,1.48544912036084
"55",2.53499871864915,14.1497361250222,2.00364258696123
"56",4.07403980568051,11.147791352123,1.57094070751834
"57",2.9643940301612,14.0189518015832,0.969092514943872
"58",2.85903501883149,14.4673715755343,1.20793238705963
"59",4.61981136258692,12.8486875146627,1.04785862883792
"60",3.65788800921291,11.6515242317691,1.21148267944885
"61",1.76775101386011,13.1986891264096,1.56099576401075
"62",1.34520122501999,13.5337083367631,1.05304296256999
"63",4.31066704820842,11.2486886875704,0.950823381901644
"64",1.2476086448878,11.718256983906,1.53808734925128
"65",1.46610816661268,13.169450419955,1.22861678413623
"66",4.38417205866426,11.4643671428785,2.01896600640573
"67",4.58620762638748,12.5633072843775,2.41557313482463
"68",3.58499395940453,11.46236586757,1.99355175752563
"69",2.45869855582714,13.7059644376859,1.67146251054233
"70",4.77818225789815,13.6904847593978,0.985650328981779
"71",2.05727555323392,11.6391188893467,0.864960038641817
"72",2.03496124967933,12.0914930002764,1.34115397483062
"73",1.32207521423697,13.8399445051327,1.79834168194102
"74",3.86803425382823,14.3135513067245,1.12604653491153
"75",3.08877209853381,12.0696225790307,1.40304235544267
"76",4.7543206140399,13.5773249445483,2.12598951256955
"77",2.12213593814522,14.7572623221204,2.2765725167922
"78",1.36226014792919,14.6808526907116,1.90976405434773
"79",2.45618896186352,13.9028552016243,1.29342734052168
"80",2.4774759830907,12.981011537835,1.06968473963253
"81",1.62726451829076,12.3797045638785,1.71526767045535
"82",4.91507249604911,14.584397720173,0.610662470974604
"83",2.202930489555,13.1268942495808,1.32971516779761
"84",2.62562031298876,13.3885153243318,1.62558774484502
"85",2.20269803889096,13.0519616724923,0.997255071229019
"86",2.92221631668508,14.4609241196886,1.0008056397294
"87",1.29416680335999,12.2678940882906,2.29807713518763
"88",4.62212862353772,12.314252176322,1.38249433371933
"89",3.12892599869519,13.5625802790746,1.87464267534548
"90",1.24702055752277,14.8805040195584,1.62052068317624
"91",1.30050757620484,11.6545466603711,1.24465803111992
"92",3.23496354650706,12.499796285294,1.23492442340681
"93",1.85075209848583,13.7417085450143,2.16458566878945
"94",2.1115728020668,11.0071392105892,1.03708914030618
"95",2.58068433683366,11.4560132082552,0.885730834943024
"96",3.43127475865185,13.1478951973841,0.638793145026779
"97",4.91604205686599,11.5520824771374,1.19890500669617
"98",2.78265105281025,12.7603165358305,1.72269363292482
"99",3.18497233558446,14.3447897834703,1.08392001478572
"100",2.27180497907102,14.9961258228868,1.31596344319698
"101",3.68307400774211,13.346155885607,1.36246063910137
"102",2.98656825814396,11.4865447869524,0.901254725032906
"103",2.73949409089983,12.4919336335734,2.27466300964099
"104",1.54950810130686,11.3716103332117,1.54494457060195
"105",1.89199123252183,14.4072627844289,1.62106057102512
"106",3.4686094392091,11.5626752804965,1.23863863549387
"107",4.00165816023946,11.1573018599302,1.17634757003344
"108",4.84052961412817,11.884561387822,0.617267616033898
"109",4.77399893756956,13.7706058938056,0.7511114228138
"110",2.59919614810497,13.8329841336235,1.55932600570577
"111",3.2669093189761,13.5981017882004,0.768187340597425
"112",4.93798359110951,14.6422424921766,2.31354289358495
"113",2.53857270907611,12.9155065435916,1.65994206402507
"114",1.39927380718291,13.7277323156595,0.966476199528984
"115",1.73386803735048,12.5962601741776,2.11115731090774
"116",2.34225219674408,11.2534636333585,1.39877056780872
"117",2.0112992785871,12.2007671268657,0.855413977071448
"118",1.99735267646611,11.2511386862025,2.91501519084682
"119",2.67412907630205,11.9795783841982,1.60631512053432
"120",1.74468254856765,13.7192019028589,1.56789746043787
"121",3.70598625391722,11.4729860257357,1.11809715116332
"122",2.58827856648713,12.1412630546838,0.99777499862604
"123",3.78377916663885,14.6876996513456,0.669696775702584
"124",3.35052370838821,11.6987089896575,1.20005412160699
"125",4.68473843671381,14.3197695082054,1.30786329493607
"126",3.70212785992771,14.1208194792271,2.65216692248325
"127",1.89725782722235,14.9796471912414,1.00741194526101
"128",3.82443934306502,12.2831330401823,1.23299972551093
"129",2.67937041353434,11.0891936765984,1.42500012179306
"130",1.17621655389667,12.8125024400651,1.27519349156767
"131",2.6746375542134,11.5174993909895,1.44671280816407
"132",4.57465593330562,11.0897817471996,0.805800070327696
"133",3.10991255752742,12.6223524361849,1.12460654252613
"134",1.61563482135534,11.860848210752,1.88170566572172
"135",4.05070949532092,14.4952316153795,1.35097966112539
"136",2.0406715720892,14.7668421752751,2.2588358747714
"137",1.57457022555172,13.8375934641808,1.95518506854976
"138",4.84365264698863,12.6955895489082,1.23765338458194
"139",3.65145805664361,13.8421978605911,2.24247267284999
"140",3.61054364591837,12.3493015356362,0.91096863577439
"141",1.90673607308418,13.4420792069286,2.07463230861121
"142",4.48554862197489,14.2243451867253,1.80683624494233
"143",3.80752957053483,11.4213031744584,1.57295980440969
"144",1.80936940666288,14.100972388871,1.87675148925921
"145",4.31269740778953,13.1714888941497,1.82947307716908
"146",2.45910980738699,11.1823057178408,0.836285783375185
"147",1.74467182718217,13.1252597533166,1.74079711371716
"148",1.55137237068266,14.2958899708465,1.55106907270903
"149",3.64788868650794,13.7050191536546,1.37624772991479
"150",1.09405371360481,12.0674281809479,0.784248743223235
"151",2.9934846572578,12.5325521575287,2.3922400462842
"152",1.54892196785659,12.2250379063189,0.939875716480448
"153",3.45239697117358,14.3324550790712,1.02678029478255
"154",2.12312711868435,14.7570890914649,0.867237967326914
"155",2.10580757260323,13.9285435341299,2.19683010905789
"156",1.16363437287509,11.1940551865846,0.97217595437531
"157",1.4291864624247,11.0450862012804,1.13834352225815
"158",4.84455307014287,11.1539856055751,2.16204527326367
"159",2.51335159037262,11.8023154959083,1.16288308905194
"160",2.02806294709444,14.9104615617543,1.55856140328461
"161",4.64775238744915,14.6768036233261,1.05303548717258
"162",3.00278611294925,14.1985565209761,1.40717273507422
"163",1.66960331983864,12.1126092113554,1.76561941050775
"164",1.15303078386933,12.0217776503414,1.5062457572265
"165",4.67966670263559,12.0152090340853,1.16022219564812
"166",4.7903065783903,12.173069559969,2.64571801246678
"167",2.01136064063758,13.7956532482058,1.19696763210251
"168",3.53651588596404,12.2615207005292,1.06800022530305
"169",4.8986415816471,12.380359089002,0.996810425506714
"170",4.33437107969075,11.0139325615019,2.08834412326386
"171",3.61451039277017,12.4357556542382,1.32587719780483
"172",3.44662144780159,14.7590069277212,1.5573013145595
"173",2.36731085926294,11.0950879622251,0.914718468362992
"174",1.50807506870478,11.233461773023,1.54606717183192
"175",2.15678109042346,12.3523011747748,0.902262412639885
"176",4.2139836307615,12.6035238970071,1.56361575220519
"177",4.58451521955431,12.112416388467,1.45207117287127
"178",2.75120114255697,13.2641298770905,2.08854806526871
"179",2.23089973721653,11.7589342119172,1.46697982040249
"180",1.92451059632003,11.1103405542672,1.81902144698389
"181",3.73157056514174,11.6091767400503,1.03322311690648
"182",2.76551435980946,11.1659355107695,2.00559293299613
"183",1.51613746676594,13.2531452402472,2.86558705717682
"184",2.17594621703029,14.9607129767537,1.32354147814714
"185",3.63271802756935,11.9296706626192,1.18122246073251
"186",3.8623468587175,13.5484316647053,1.46896187300771
"187",2.13519153930247,13.0479911183938,1.42025037665261
"188",3.36117251496762,12.2632128614932,1.39226663026134
"189",1.47280782740563,11.1675154771656,0.855915597865249
"190",1.68741385173053,14.5404822835699,1.24150145225452
"191",1.14890951570123,13.4987478591502,1.11105798355299
"192",2.725326330401,11.0962761603296,2.65797834649261
"193",2.8052161373198,14.4386716857553,1.05911690528312
"194",3.14153477363288,14.9288878636435,1.10442966845395
"195",3.80611682124436,12.6697667157277,1.09454015722069
"196",4.71110366471112,14.6515596862882,2.15551597873121
"197",1.10066077951342,11.9019293850288,1.41071148947811
"198",1.60581806208938,11.346205342561,1.59244862884897
"199",2.12430533021688,13.6700555430725,1.43610608526844
"200",1.28924166876823,14.8928654296324,1.28541539872631
"201",3.23026483226568,11.3952558692545,1.05831889276266
"202",2.5200873836875,14.1213867003098,1.84950741902324
"203",3.19214347749949,14.1961437417194,1.22978219773486
"204",2.97202801611274,12.9355598203838,1.57945420285345
"205",2.32969727180898,14.850355355069,1.38620450121663
"206",1.31459232885391,13.3343038959429,1.73493608074522
"207",2.94033456221223,14.3914611274377,1.06740237750872
"208",1.03616465814412,11.7144671967253,1.63276371968879
"209",4.37269773148,14.0456437030807,1.66626001411812
"210",2.55610786844045,12.3594425981864,2.35635782450141
"211",3.94784386083484,14.2246826840565,1.47453617302608
"212",1.25251599308103,11.2402112847194,2.19077409917476
"213",3.89380736090243,14.3569883452728,1.07162642310737
"214",2.4847525972873,14.7636616006494,1.39292510179282
"215",2.80121422465891,14.7366817286238,2.0551128940984
"216",2.12945595849305,13.1021509803832,1.64062279217465
"217",2.04547758866102,14.2271230649203,1.76092737212421
"218",2.89409156981856,13.8682452123612,1.32012027582885
"219",4.4517780393362,14.9769240142778,0.57495911077232
"220",3.65736935846508,13.0219591008499,2.03263059923636
"221",2.0165203390643,13.7061222773045,1.21920705681182
"222",3.73342932760715,14.0750134382397,1.46941729181449
"223",1.02268329635262,13.3468081615865,1.70273935529411
"224",2.77022479567677,13.8446891075,1.03734035014346
"225",4.15831096842885,12.053536305204,0.937602408530411
"226",4.90179430972785,13.2049725139514,0.830299903638252
"227",2.30710208788514,12.3109691264108,1.355692735005
"228",1.41201305110008,14.8121597394347,1.35439894457573
"229",2.59470251947641,11.6266314564273,1.44886427796092
"230",3.57797127403319,14.1670521199703,0.953044575163403
"231",2.40420171711594,13.6017203144729,1.36383284790935
"232",2.20800149720162,13.7638427531347,1.88326924300442
"233",2.70109858643264,13.0207024430856,1.47948700256954
"234",2.97003035247326,12.7450190894306,1.49664146109331
"235",4.00502366479486,14.3201641738415,1.60711709173297
"236",4.31557396892458,13.780925004743,1.1957380506801
"237",1.89219792280346,12.5861276416108,1.79877631145074
"238",3.97269026655704,12.677360760048,1.94172232199153
"239",4.86899229325354,14.5412754612043,1.15234533919608
"240",3.13464716076851,11.9700783155859,1.05820450872168
"241",2.52323140297085,13.0754095446318,0.902957921514472
"242",2.10282818973064,11.3673859396949,1.1606778775523
"243",4.16451993212104,13.2503853011876,2.04612661997932
"244",4.53938017506152,11.8210590742528,1.42024772418364
"245",1.57679826207459,14.5636912519112,1.46788875285402
"246",3.08153982460499,13.467089632526,1.7641852881933
"247",4.26566145755351,11.3346367804334,0.973952443920106
"248",1.8698403229937,11.530945208855,1.60074949870026
"249",1.97556377761066,11.4298065761104,1.34000856568457
"250",4.60706633981317,14.5617164392024,2.18342239330293
"251",3.14144777040929,14.9269168814644,1.64696782262262
"252",3.12412007153034,12.0345315942541,1.3059799115333
"253",3.47895243857056,13.9147101687267,0.748834754445169
"254",3.66741931252182,14.6763098826632,1.52820464406674
"255",4.14853661134839,11.977722549811,1.60157954603042
"256",1.98867534566671,13.5941801508889,1.31720762231049
"257",4.80335105489939,14.6685599256307,1.52680939938852
"258",3.62127692159265,13.2522804448381,0.91899148286062
"259",2.90552311111242,12.8532742112875,0.70347518850652
"260",1.3669511526823,11.8337745415047,0.779933174621692
"261",3.76991331577301,14.4777171267197,1.67473220425246
"262",2.90896734502167,11.0592031823471,1.99358328572479
"263",2.72946139890701,14.8827488310635,1.12238300510103
"264",4.61528117861599,12.6823663348332,1.12304811628731
"265",1.14678634610027,13.2042681016028,2.06477424874981
"266",3.93756855931133,14.3730946164578,0.949502477405813
"267",1.90378837287426,13.9941811328754,1.68959107565832
"268",4.52150169946253,11.6254435265437,2.27995056821833
"269",2.6166842225939,13.2831592299044,1.63863700490008
"270",1.62283920496702,14.3042904483154,1.1007810225218
"271",2.33055712655187,13.5744226919487,2.45390815893181
"272",4.39644242450595,11.0330090261996,1.59863798293003
"273",3.08654488716274,14.6330564217642,1.1804912263257
"274",1.17410821001977,14.6018459647894,1.33536213013031
"275",4.50653728563339,12.0471939258277,0.967986797408089
"276",3.92972239106894,13.1470357337967,2.16467250865299
"277",1.13095864932984,11.3608061624691,0.95181780720056
"278",2.21645404677838,12.435573217459,1.41480873147418
"279",3.54701791144907,14.323714107275,1.32456955333178
"280",3.61174555681646,12.1224957127124,1.82200677897644
"281",4.06360976956785,14.7571261459962,1.43586149440174
"282",4.08431474491954,11.8646427225322,3.01560172612053
"283",4.29569100867957,12.0822095535696,0.755871699093882
"284",1.78101311996579,13.4310686290264,0.666787586626505
"285",1.95823303889483,14.5161641705781,0.913696819018489
"286",4.51817786693573,13.7188944267109,1.32629684374642
"287",3.80905609019101,14.1842455631122,1.5598228198334
"288",3.50273296888918,12.5819907719269,1.80885540899347
"289",4.40812922362238,14.2079918058589,0.971249058585136
"290",2.88304294459522,14.7815262489021,1.74401755753392
"291",3.10134484805167,12.340292096138,1.04036626746034
"292",1.49164152145386,12.4717313302681,1.65328855575188
"293",3.82305749598891,12.4117314778268,2.1251116849124
"294",1.4154348904267,14.4341102670878,2.01164768344818
"295",1.59802610147744,13.746344704181,1.32135856651235
"296",1.18686936143786,14.6544355852529,1.58720351025918
"297",2.21419341675937,12.9848305229098,1.98043984493932
"298",4.3254903499037,14.1512729628012,1.07839669511191
"299",2.30138240288943,12.4522378668189,1.41797450652689
"300",2.23946981597692,12.7638384653255,1.15008216511814
"301",2.14147272519767,13.8205573866144,1.35301964093448
"302",2.40841605700552,14.6319350777194,1.57596268656314
"303",1.58261668123305,13.3850246760994,1.08173183743086
"304",2.88849034905434,14.0012724706903,1.56900933980559
"305",3.58814874850214,13.6575341019779,1.87997667639053
"306",3.13264224398881,13.9657106762752,0.979805112352363
"307",2.11235336028039,13.5970083959401,1.26621944285642
"308",4.83052418008447,11.5706683574244,1.01156950714499
"309",2.2817620318383,14.3796164467931,1.06874424991074
"310",3.37794246990234,11.7228224370629,2.1390356487277
"311",1.19904001709074,11.6974532967433,1.71753907817155
"312",2.40789892431349,12.4267732044682,0.924973919744305
"313",1.81518650054932,11.9377932948992,1.52805204061889
"314",1.35222795512527,11.2358147799969,1.10982982244148
"315",3.89052843023092,11.9790413370356,1.56491896441691
"316",4.19748795311898,12.4885235782713,1.26272714653168
"317",1.02250429242849,13.4854023018852,1.49101570418287
"318",4.49259230028838,14.5987533610314,0.839716173977043
"319",2.04973424039781,12.0116958040744,1.47690200578571
"320",1.01750290393829,12.4964857408777,1.23607929169552
"321",4.67078612931073,11.6550226500258,0.893348779000824
"322",1.81636434048414,14.6196825401857,1.70544457124518
"323",4.13440060801804,11.5486211907119,1.40629610257655
"324",1.27861978393048,11.2498998166993,2.802956355071
"325",1.03475523926318,13.447251688689,1.67591323278291
"326",2.77138935308903,13.8149383701384,1.55865522670996
"327",3.39002005476505,13.3285059789196,1.75319115515684
"328",4.32892780844122,13.5787003077567,0.790601872053577
"329",3.03830781299621,12.3777379123494,1.36456586003338
"330",2.11534124426544,11.9805254451931,1.04693382923731
"331",1.76567777246237,12.0821536425501,2.86225622562622
"332",3.94121116772294,12.2955787675455,1.50587816856548
"333",3.38772899098694,14.7189504047856,1.71595718004886
"334",1.26379997655749,12.420227653347,0.864861304085795
"335",3.91665123589337,12.1028377320617,1.58782113034582
"336",2.59623608272523,14.9471191940829,1.62598674905093
"337",2.56693003233522,14.2045864490792,1.75906703964567
"338",1.2706763651222,13.9773915158585,1.54244330455127
"339",3.0764586282894,14.3561054803431,0.750447049380733
"340",1.91693111602217,12.2241738988087,2.07803601802098
"341",2.04764046147466,14.7335895709693,1.06097154182571
"342",3.65323062986135,13.6468274211511,1.21610924076088
"343",1.99098239094019,14.6312786797062,0.84483795825266
"344",2.5855354834348,13.0707665449008,1.33921404397356
"345",4.97885970864445,12.1017761165276,1.46898548482053
"346",4.41290039941669,12.8851437289268,2.31440219752467
"347",4.69119819439948,14.406449880451,1.56122478645981
"348",2.16156589239836,11.8699625413865,1.4928826471777
"349",3.14609820581973,12.0107535105199,2.24311638319573
"350",3.08259336464107,13.8314193924889,1.62535548610403
"351",2.89221989084035,14.1185126230121,0.714399353842879
"352",3.66077910456806,11.8360823346302,2.3498339978047
"353",4.45483838301152,14.1612187549472,2.16340576910437
"354",2.80952282808721,12.4060314232484,1.00119411262594
"355",4.71201269607991,12.2816295688972,0.859896122258583
"356",1.90453571453691,11.2106056464836,1.32214423435877
"357",3.54236170556396,12.4140759389848,0.783015809049773
"358",1.59963528532535,14.3900366807356,1.62089287422882
"359",3.28698372282088,11.2240420840681,1.61194790857389
"360",1.483369294554,14.645567025058,1.24953627194014
"361",2.20808728225529,11.1893856190145,1.19410678197017
"362",3.57519289106131,13.7505198568106,1.02800335176505
"363",4.77982830721885,14.5279472526163,1.80832323777761
"364",1.44513004366308,13.3523109648377,1.962409449583
"365",2.99531734641641,12.1548553667963,0.991529018033309
"366",4.47147164493799,13.5609602127224,1.05912505817203
"367",4.01137888431549,12.0767743941396,1.49872789812389
"368",1.81284870114177,14.4806797029451,1.64868517388298
"369",1.20944655779749,13.9316296270117,1.22089111988891
"370",3.32645464502275,11.8733188612387,1.51846152724174
"371",3.79671428352594,13.1873685866594,1.45255986601394
"372",3.14371041487902,13.1008525798097,1.2361729053245
"373",4.56599506456405,12.3943187817931,1.11540549578528
"374",1.36816801503301,11.6588154947385,1.97353489403512
"375",3.65181002393365,13.2393354959786,0.696926790637053
"376",2.22543778084219,11.9850070001557,1.44562109664188
"377",4.45057048927993,11.0755163608119,1.32086048893918
"378",3.49707043822855,14.8454323941842,1.139604161947
"379",4.21246132254601,11.9513314804062,0.82675704930975
"380",2.33238671254367,14.6990482183173,1.53489597992581
"381",3.04557593353093,13.013857787475,1.62321334096843
"382",1.36300494149327,11.6091661630198,2.49883890991871
"383",1.7171501358971,14.9074783613905,0.950019463909759
"384",1.89188551623374,11.8781888186932,1.91671787923075
"385",1.27036768570542,14.1625117817894,1.76647927215124
"386",2.26009250618517,13.4949941923842,0.804332638941956
"387",1.24346985574812,12.8125360067934,1.13990656014068
"388",4.2545673251152,11.7338966857642,1.58636911193976
"389",3.13428237847984,14.7196431010962,1.06000344808455
"390",1.55094759445637,14.9089939054102,1.45381189133589
"391",4.65094768907875,12.569111879915,1.33457042427488
"392",3.34098248742521,11.3578772731125,1.07760430673067
"393",2.9818827342242,12.7161800395697,1.65698718916072
"394",1.45364044141024,12.5584607403725,1.05992314253594
"395",4.47440121136606,14.8326417701319,1.27553516064233
"396",3.64383280836046,12.5057234847918,1.19034667945099
"397",3.0949533758685,11.4536455674097,1.6006181691369
"398",2.60467423498631,12.1355888871476,1.82828389923681
"399",2.57928134780377,11.4647386791185,1.93116594955008
"400",2.84818893298507,11.913767196238,1.44238369929988
"401",4.55092126503587,14.9943622369319,1.17798681096898
"402",2.93990720342845,14.8870081705973,1.54842883875884
"403",3.93549938872457,11.252967310138,0.686170899241426
"404",3.14089200738817,12.6225263243541,1.19369498186671
"405",4.95309628173709,12.7926639625803,2.21158733770275
"406",2.44045625347644,14.9015721483156,1.89092195268784
"407",1.56028729863465,12.992109566927,2.23937602164004
"408",1.87498069275171,14.0220789369196,1.66190932190412
"409",4.16546074301004,11.772892027162,2.29554953445385
"410",4.52532357070595,14.111673431471,1.33050738112441
"411",4.76830833777785,13.4946614922956,1.51032705357184
"412",2.33792552910745,11.5717053711414,1.11225747540105
"413",4.07089685555547,13.195151373744,1.68492689725388
"414",1.71918881684542,11.4415947711095,1.70025514526933
"415",1.43125626817346,11.0043166643009,1.72085240421821
"416",1.21452986542135,11.6010934282094,0.837389605933295
"417",4.5180555023253,13.4717892613262,0.917749008019769
"418",3.57744969148189,13.3398481244221,1.81211564188694
"419",4.17540498822927,14.3025246448815,1.27245527035349
"420",1.45135206356645,14.9970434848219,1.04213397766881
"421",2.80591471679509,12.9452336514369,2.3484928029087
"422",4.40565857570618,11.2703140545636,1.29980521533737
"423",3.78690752200782,11.4203652152792,1.11915518360914
"424",1.11126672755927,11.2363609857857,2.59928527452426
"425",3.07239246740937,13.0003964994103,1.66536176697507
"426",4.837845178321,11.836029117927,1.54855609330155
"427",1.30140416603535,13.6695078359917,0.654178514670023
"428",2.9537399886176,11.707378947176,0.706132704039856
"429",1.57913678139448,14.4388051442802,1.03617818105519
"430",1.65177079476416,11.7442234838381,1.27127648252498
"431",1.25506309140474,13.5728047238663,1.66431420665558
"432",3.8145063277334,11.359784075059,1.49711743909608
"433",1.75422258768231,11.2058087969199,0.843426301960473
"434",3.31571119930595,13.0694761779159,1.49908703125542
"435",4.794907188043,14.5044535864145,2.38806732675148
"436",4.23554509039968,12.0926129119471,2.13327220975522
"437",3.28583612386137,14.35741869919,1.1715947423385
"438",4.22822359297425,12.5048783738166,1.59141915047956
"439",1.80734484083951,11.3753839461133,1.3375356242387
"440",3.30404784251004,12.016921190545,1.07914755193967
"441",4.29589140322059,11.4907665746287,1.22781676241824
"442",3.27648738864809,14.9592503132299,1.10666250336717
"443",3.47658399306238,11.0915910853073,2.53272553645648
"444",1.03136800695211,11.0904607558623,0.672559018230443
"445",1.32192931231111,13.2744380775839,1.75146370012561
"446",4.7711912849918,13.9817097531632,2.20787560521866
"447",1.75109849311411,12.6574940895662,1.96320050742412
"448",4.59843913372606,11.6296309325844,1.46172010252404
"449",1.80677192565054,11.6220186343417,1.21761498534345
"450",4.88318804465234,14.3301217667758,1.30502524449146
"451",4.34054441470653,14.4794707493857,1.0586558614267
"452",4.18727038335055,14.3718861509115,1.31252603028388
"453",2.37310230731964,12.3507889723405,0.851286766987663
"454",4.1813993724063,11.6175931692123,2.39956122880584
"455",1.83173979073763,12.7106194999069,1.25578121843378
"456",3.98656240478158,14.1015963405371,0.993512904142034
"457",1.41024514194578,11.2548704864457,1.14106931212349
"458",1.85021610930562,11.4701526928693,1.20992430406632
"459",4.17313614394516,14.44049322512,0.730682784638831
"460",1.04675897862762,11.5862987628207,1.20823143870613
"461",2.28740965202451,11.011769104749,1.21581800261174
"462",2.10941218491644,11.1617523469031,1.17453327983464
"463",1.74407692532986,13.5022574467584,1.49469944199926
"464",4.90710623562336,11.7729363925755,1.22468169118414
"465",3.29313401691616,11.3532226793468,1.22113988030439
"466",1.93641715683043,11.2185306930915,1.42937288389369
"467",4.14572870451957,11.7009931830689,1.49559989677511
"468",1.44768353179097,12.1804242571816,1.31527685500862
"469",1.65380370058119,11.3974362006411,1.0873101683086
"470",1.25106632895768,14.9350427193567,1.795799907607
"471",3.42276967596263,13.6474365126342,1.42899256173726
"472",4.68035224918276,13.6606677910313,1.41730473057776
"473",2.5598178608343,13.4184680962935,0.790628987830299
"474",2.81161390431225,13.1923951711506,2.2934032190333
"475",2.64998358022422,11.517586636357,0.938551116363446
"476",3.817298643291,13.064467607066,1.18792017358298
"477",3.41405477095395,12.7580650243908,1.5292084825715
"478",2.11281985417008,14.6987932492048,1.5842905143037
"479",4.17483595944941,11.2280955780298,1.43521977738914
"480",3.91074538417161,13.2544585578144,1.09963823128408
"481",4.67169474810362,14.5827143108472,1.36961869096881
"482",4.86569297127426,13.2395959682763,1.0225657169594
"483",4.87618508562446,13.2548836395144,1.20838189929454
"484",3.55937590450048,12.9631168171763,1.62327144135448
"485",4.0915601933375,12.3117709439248,1.28288926180957
"486",3.17921408358961,13.0015359669924,1.37554738109268
"487",2.30451644863933,11.2954911822453,1.57439380360575
"488",2.93817517161369,12.6744023924693,1.19260172539798
"489",2.04571246542037,11.6818566834554,1.34704090794366
"490",4.09826743882149,11.8757977141067,1.65654839278883
"491",2.73563735932112,11.3272473420948,1.43431000581319
"492",2.44850301090628,12.8794449325651,1.3911858970495
"493",4.38259194884449,14.767932199873,0.98307613713552
"494",2.48581992741674,12.8431074135005,1.35856396127883
"495",2.65095015987754,11.86533432547,2.49772997494857
"496",1.70040691271424,11.6302648242563,1.13538963264993
"497",1.80349030997604,13.0022584190592,1.66875125163529
"498",3.41870036162436,12.584807545878,1.15160718700295
"499",3.64620518218726,14.0708139510825,0.847178436198571
"500",3.55839145928621,11.3102430859581,1.1843672843416
"501",1.06536266207695,11.5835465136915,1.99397665491478
"502",1.09608170296997,11.7641017446294,0.744286664337705
"503",3.71750027406961,13.1363763958216,1.23368268783745
"504",3.15161824505776,12.3798266267404,1.84271137900209
"505",1.47784184012562,13.6125386003405,1.88652454864629
"506",2.97629687935114,14.7187700364739,1.51924412806327
"507",2.97748480457813,14.3498337697238,1.08617412992387
"508",1.76896518561989,14.5870209811255,1.28679531989534
"509",2.90673791989684,14.3629365283996,1.23892987868518
"510",2.50731443427503,13.6767218988389,1.5729734044702
"511",2.85789219662547,13.347620585002,0.904728419710641
"512",1.84484460391104,11.4703882997856,1.16453006075614
"513",4.40041181631386,14.09606173262,1.58020037144666
"514",2.31636386923492,14.1630480764434,1.0450110872809
"515",1.89777329284698,11.1148239253089,0.982087589675455
"516",1.57398952450603,12.2693249331787,1.8822372985753
"517",3.17986167687923,13.1719710752368,1.46307396235053
"518",3.20860590133816,11.1692300019786,0.844713518165442
"519",1.45955658704042,13.5395798934624,1.88495477341616
"520",3.96247374918312,13.2494011875242,1.6610912641455
"521",3.91598444804549,14.501178749837,1.37321016756268
"522",4.47711121849716,12.0072348387912,1.49401266745266
"523",1.36455845274031,13.7905066376552,1.70375026685069
"524",1.9591828789562,13.2716497927904,1.8115145050443
"525",3.24294055718929,14.9504225375131,1.07891786122929
"526",2.07077306229621,13.861682984978,1.10139200729784
"527",2.67613825947046,12.9952587867156,1.60226689928032
"528",4.23520342260599,13.566143414937,1.42722075172634
"529",2.16590347699821,12.2020633714274,1.43641108273847
"530",4.41606035176665,12.197101267986,2.31998849198251
"531",4.855762549676,14.3860231749713,1.1827774632949
"532",1.65284032188356,14.4888386558741,0.936342411748433
"533",3.4108552923426,14.5221464252099,0.83859872248554
"534",1.39939666818827,14.8207192411646,1.92467927047061
"535",1.52348918654025,12.2556401416659,1.08275794174124
"536",3.21349154599011,12.311698731035,1.52333782138056
"537",1.84299545176327,12.6846700878814,1.08345690555846
"538",1.33998181205243,14.2813515141606,1.19448246748341
"539",1.43095719628036,11.241837288253,1.06130532423157
"540",1.45937592722476,12.567318925634,2.47683315940343
"541",4.8459617337212,12.9007655773312,1.68516815277188
"542",2.94378535170108,12.1104613896459,0.867924194838498
"543",4.9303377373144,11.3346819924191,1.36699924894119
"544",4.30843975022435,11.557549064979,1.97231461741559
"545",3.88784580864012,13.4474055040628,2.3805350462489
"546",2.73397446703166,14.8249999452382,2.00020376995854
"547",3.38031044229865,14.7643164815381,0.941331415628591
"548",1.91270071640611,12.6823411192745,1.14736973304343
"549",3.31312095467001,13.70076583419,0.833011630364661
"550",2.75134971830994,13.4161550570279,1.66031861525334
"551",3.95964768528938,12.5439310176298,2.06253556211003
"552",3.79815922770649,14.5178919257596,1.59571005873194
"553",1.05898435134441,14.7095455070958,1.27880341571173
"554",2.02536736987531,13.0084881391376,1.22078132217488
"555",2.31550572346896,12.3633283618838,1.25945331692866
"556",1.79493363201618,13.5331967361271,1.1283767410687
"557",3.023537308909,12.9975338578224,0.865847503874371
"558",4.34403183218092,13.3228162825108,0.898508100164227
"559",4.98489922657609,14.6210698820651,1.42575259648617
"560",1.43305337429047,11.6907898597419,2.54081691526832
"561",2.47819335758686,14.8591053131968,2.84948234976881
"562",4.61046538222581,13.2181996172294,1.62953606814353
"563",3.82382299564779,12.3669012868777,1.8900139739056
"564",4.03059268929064,12.0533007755876,1.767365097821
"565",2.35663544107229,11.0942439073697,1.71695806851119
"566",2.52224742528051,11.2164376163855,1.69258216131289
"567",3.96025482844561,11.8896174263209,1.26294860599602
"568",2.27806175220758,11.259464382194,1.1788638018743
"569",2.58538691047579,14.2838746663183,1.00901367209288
"570",2.86129324976355,13.0718815177679,1.30825454606287
"571",1.43383247405291,13.5336146978661,1.59897370736835
"572",1.57360872905701,13.2875280780718,1.58331967128674
"573",3.931536112912,12.2478628065437,1.18991700206745
"574",2.42098342999816,12.0696142017841,1.1768844008073
"575",4.36977578978986,12.0738413790241,1.50713373770878
"576",4.42319695930928,13.38299278263,1.72559492006473
"577",2.97751615662128,14.029447875917,1.59812687657093
"578",4.76455983892083,14.0584838241339,1.27443524892704
"579",3.83653413504362,11.2054758202285,2.53067005186621
"580",1.87759522907436,14.1660632444546,1.71387693546229
"581",1.34888345375657,13.2812049752101,1.59243447886503
"582",4.73668291326612,13.649435098283,0.97077567374723
"583",4.12718232814223,14.4659762689844,1.39724513859717
"584",1.07839845120907,13.5314212031662,1.62685237533974
"585",4.38656502775848,13.7510961061344,1.03833330034289
"586",2.02938535157591,13.5139602888376,1.50132818599623
"587",1.85372549947351,13.0989998625591,0.484849193784443
"588",3.07845012936741,12.1499993670732,1.50867903307136
"589",1.24486323073506,14.2731661312282,1.61640448327011
"590",4.25428798422217,12.2525370270014,1.4670428508652
"591",1.95160125941038,13.5550690283999,1.98528239514402
"592",1.19728755857795,11.8042714716867,0.642911872334129
"593",3.66938757989556,12.9010190935805,1.49286638302489
"594",1.64717975538224,11.3895534677431,1.4935203828554
"595",2.41522478871047,14.5935040684417,0.701262625442751
"596",1.41936330031604,11.7340140314773,1.55792908485349
"597",3.8492536675185,14.810018110089,1.31869935172567
"598",3.88944198936224,14.7835872471333,1.9755673290349
"599",2.03182229958475,14.1698283646256,1.19355054597212
"600",3.32845700811595,13.6796733196825,0.971326541945291
"601",1.82685941178352,12.9386348538101,1.07693395592382
"602",2.32445811759681,11.8682428635657,1.09167965508008
"603",1.32266673818231,14.0443477686495,1.13133771332812
"604",2.96572853904217,11.7605266794562,1.14564957164903
"605",3.1546397479251,13.443839551881,2.27863566019115
"606",1.0958673581481,11.9830741146579,1.92581620737326
"607",4.9544982323423,13.6944104200229,1.34174426229481
"608",4.79672908503562,13.4018425084651,1.10947886299989
"609",2.7528492603451,12.6136829471216,1.22226494777577
"610",2.94239018671215,13.1201821900904,1.5190648674336
"611",4.7420176146552,12.7489312337711,1.42966739233433
"612",3.05159601103514,11.5353862186894,1.59057856951714
"613",2.86881229095161,11.4047391675413,1.40319724106857
"614",3.44637397676706,12.5781931662932,1.37470285724281
"615",2.41300062928349,11.6460625706241,1.44650446207678
"616",1.90707796160132,13.7564458111301,1.90506569636971
"617",1.58257421292365,13.5751561662182,1.17236224555235
"618",4.30556394997984,11.4314055666327,1.42060779666967
"619",3.66382653359324,14.9815741609782,1.76192990434577
"620",1.48105548415333,14.7159263389185,1.59726366016371
"621",3.73532526195049,14.4728077221662,1.14430595790308
"622",3.5328908842057,14.3353014085442,0.299216700112861
"623",2.01063713245094,14.4682563291863,1.83931697527041
"624",2.80646555684507,11.6281749438494,1.00615012943639
"625",3.24577852431685,11.168307996355,0.918038900831283
"626",4.60685782879591,11.9179851934314,1.03015912178715
"627",2.28178003616631,12.3492496563122,1.61156442132929
"628",4.59758148342371,12.0749376099557,1.222914229457
"629",3.46311546768993,11.4455552212894,0.994539551603887
"630",3.29562109708786,11.1547100581229,1.40568121877495
"631",4.25750749278814,13.9691326413304,1.47359710011533
"632",1.89074814226478,13.5750503260642,1.34971587819813
"633",1.15186457615346,13.2570215845481,1.8092451968869
"634",4.41781760752201,11.8884700210765,1.78630817063486
"635",3.3084450121969,11.0542926480994,2.18477289641174
"636",4.34780748188496,12.2215620707721,1.02087099006933
"637",1.62992914021015,14.9255577307194,1.20966341225742
"638",3.7267588051036,14.9530115583912,1.31273264259844
"639",4.38813362270594,12.6725700143725,0.991255231079236
"640",3.32421308383346,11.1373880784959,0.850070005975674
"641",3.09795547649264,13.431725746952,1.31186866881406
"642",2.38956531509757,13.4152653319761,1.1618193243252
"643",1.26702540740371,11.7505483468994,1.52960694270835
"644",1.47800891287625,12.4488732861355,1.67963984592004
"645",3.12262587156147,11.5241954997182,1.77426070676443
"646",1.26492111943662,13.5292489854619,1.74732776576268
"647",1.16087252087891,12.2804603474215,0.776017569205407
"648",1.91580265387893,13.377831729129,1.93174569503069
"649",4.61275753658265,11.4735674215481,2.54360260022643
"650",4.67826052661985,11.6534338863567,1.05581394081444
"651",3.98046773578972,14.0303888553753,0.89484445273154
"652",1.25054877530783,13.6113910805434,0.979343559814054
"653",3.23704058676958,11.3282739371061,1.33823090548714
"654",4.98799638729542,14.7144658220932,1.20466271518499
"655",2.82024790160358,13.1472656540573,0.972615192859001
"656",3.13315839599818,14.3390501858667,1.46790623271916
"657",4.84668688848615,14.1556967720389,1.35586343158398
"658",2.62973621301353,14.0152847766876,1.08929587570213
"659",2.11990117933601,13.9080050205812,1.69094132033959
"660",2.23955425340682,14.1586084598675,1.09639110675194
"661",4.72207799553871,14.1548985242844,0.813519544004976
"662",4.54724340792745,12.8011098615825,1.79584681506446
"663",3.82558891642839,14.2189128473401,1.1756037670094
"664",1.57768599502742,14.9555822918192,1.35700775906047
"665",1.57042448874563,11.9363989504054,2.21523680865148
"666",1.28499007225037,14.8031643321738,1.58176769056109
"667",4.51064656488597,13.0203522564843,2.13737194358124
"668",1.48306881636381,12.6407889947295,1.73350539925197
"669",3.57246727962047,14.5159260677174,1.34057747867251
"670",1.14860846474767,12.3505539549515,1.49293631739638
"671",2.25475102756172,14.6721444185823,2.01352372883585
"672",4.35843508690596,13.4502720078453,2.04556705670899
"673",1.82719569001347,11.3449312001467,0.865333087808159
"674",2.12536271382123,13.5307377316058,1.13322765818143
"675",1.3440423971042,14.9946084953845,1.73987114871604
"676",2.52082443982363,12.5889918729663,2.20619994182204
"677",1.69508249498904,14.2090268470347,1.20599686446273
"678",1.07309906277806,11.7705793250352,0.827103178540823
"679",2.36580906249583,14.6765139568597,1.14950994296324
"680",1.07650056574494,13.1115979952738,0.853881658779601
"681",4.20393965020776,13.6269780173898,1.73731416874722
"682",1.0546491285786,14.9657283127308,2.39960400417335
"683",4.31466461066157,12.8169663297012,2.21627716990562
"684",4.07401349209249,14.0492534674704,1.37902131885343
"685",3.10714060999453,14.4325811723247,1.06065970864109
"686",3.93324638623744,12.1912421537563,1.4578913134651
"687",1.94883311819285,11.3414537347853,3.39676569522613
"688",1.97170740179718,13.1507516494021,1.46668023264384
"689",4.88400952704251,13.9947711117566,0.929339717465366
"690",1.89267693739384,13.914582005702,1.60728999528804
"691",4.76787292677909,13.3575895829126,1.01889924938666
"692",3.15831683203578,12.831826435402,2.04442188760676
"693",3.06747724674642,11.1311966758221,1.54757070259151
"694",4.21069175750017,13.5674152458087,0.868767477368295
"695",4.08504113648087,11.9644559351727,1.93003589561032
"696",1.24087366554886,11.6487449863926,1.36181474787326
"697",4.46775312069803,13.0764174209908,1.66296616657348
"698",1.06651102751493,13.057083690539,0.764123205724743
"699",2.4637599857524,14.6922440975904,1.66183227728904
"700",4.9149440061301,11.2588892066851,0.827888728789016
"701",1.79070081282407,13.1466574640945,0.900668801809794
"702",3.03987914323807,13.740022550337,1.26373557076183
"703",3.55267705209553,13.3358794441447,1.62281448649814
"704",3.76462869904935,12.941186289303,0.929371284983996
"705",2.61261851340532,13.1845989795402,1.31640951757403
"706",1.1310861594975,12.4298734003678,1.43056963389126
"707",4.01776264980435,12.7573713464662,1.524453815257
"708",4.61128754820675,13.6841491926461,2.0809662081484
"709",4.50892446190119,13.9555251812562,1.34025213295677
"710",4.46727662812918,14.5015895590186,0.806239435918108
"711",3.02832463849336,13.4338886048645,1.66097696496492
"712",4.64617347996682,11.2517229821533,1.22406323406297
"713",2.07016445044428,14.4341623587534,1.66400835794946
"714",4.04942683596164,14.2614626716822,1.01733002022267
"715",4.72120994795114,12.2652066750452,0.738554312201014
"716",1.33826955407858,14.1519969925284,1.16114644878012
"717",1.31155381444842,11.7661999668926,1.8191161844365
"718",3.97755275387317,11.4443708295003,1.24010876844577
"719",4.36448777001351,13.0349273383617,3.00187848294512
"720",2.02676503360271,14.8024169746786,1.21785894448114
"721",4.54027042910457,11.4975460851565,2.08525158663732
"722",4.68471530266106,11.9158865436912,1.45274655784492
"723",4.60199831333011,12.5132640283555,0.923915899825327
"724",4.2779001109302,12.8136172862723,2.03428874727178
"725",4.60632506664842,14.110102715902,0.7620700364446
"726",1.06583053711802,11.1319680204615,0.676055613610026
"727",2.4080666443333,12.8822229737416,1.02115653764662
"728",4.88526596873999,11.2811975311488,1.27277824725503
"729",2.88925353623927,14.8607998881489,1.15816223465287
"730",2.34472687728703,12.3497504629195,1.59932785233688
"731",3.59607399534434,12.5507322466001,1.11151105909381
"732",3.18606948573142,11.9283259790391,1.3558040148829
"733",4.87520625721663,14.2536007110029,1.22852263419046
"734",1.63200261536986,13.3329816386104,0.779448054337521
"735",4.12547640316188,13.3891382040456,0.827851285915258
"736",1.38028305210173,11.3295509992167,1.6106293108532
"737",4.41732571460307,12.3830318963155,1.30196341732151
"738",1.94107033964247,11.6967363879085,1.17332794701144
"739",2.97714731842279,13.7400988535956,1.14443215229779
"740",1.4232811620459,14.8528382889926,1.49761786551744
"741",3.5877943681553,11.8067823620513,1.8141638665924
"742",2.12496846821159,11.9467181218788,1.18687034303358
"743",3.82427962403744,14.1541229262948,1.6550382481203
"744",3.02124891616404,12.5430756490678,1.87593914104214
"745",3.61108163651079,11.9495565136895,1.29327893750807
"746",2.11108311731368,14.996406244114,0.966331116250707
"747",2.60320234671235,11.2069680001587,1.24334340638235
"748",4.08049010112882,12.4883637065068,1.76306627814305
"749",2.22114385664463,13.5982954995707,1.00863913879775
"750",1.38443348556757,11.1328376941383,1.56834998190873
"751",3.03493572585285,14.9364569680765,0.941734450976159
"752",2.40989911835641,11.3674913840368,0.924116164774728
"753",4.93318575248122,13.6582378698513,1.41469795366413
"754",2.16920860670507,13.6465261178091,1.30482139883191
"755",1.11065492779016,13.7058055661619,2.52222352272205
"756",1.05802921485156,11.0406551240012,0.797251189933199
"757",2.32299315463752,13.1161114424467,1.47968586368911
"758",1.82438669539988,11.3679536618292,2.05027337559124
"759",3.68444172013551,12.5762560265139,2.69416299009369
"760",1.35717792995274,13.5791901843622,1.13256571599713
"761",3.89884343743324,12.5574677344412,1.09278126740007
"762",2.15632439870387,14.8888477822766,2.25107572644125
"763",2.72196457721293,14.5732439793646,1.49486787808968
"764",2.15384493675083,12.1761082652956,1.75893323477887
"765",3.36826083622873,11.6491255946457,0.882803162148323
"766",3.03036822658032,12.0389781054109,1.69565187061717
"767",3.25028456095606,11.4608349082991,1.44851415272039
"768",4.90804692171514,11.74932721816,0.957107502026652
"769",3.70493002422154,13.8198775686324,0.910449328962552
"770",2.47348995134234,11.4367647357285,1.61670579548025
"771",3.28998889308423,12.539909992367,2.06743571255608
"772",3.03735559992492,14.9807496331632,0.661840059188984
"773",2.88453590590507,14.5710322074592,1.69047362114874
"774",3.44725782610476,12.2098148064688,1.61501128850863
"775",2.92301970161498,13.8848909465596,1.05409757852678
"776",4.27951976843178,13.479860923253,0.815070423728886
"777",4.88958166074008,14.1717541031539,1.72964861475524
"778",4.40661953669041,11.681996668689,1.17835597539823
"779",1.43266259972006,11.8764146827161,1.24177954165489
"780",2.59621541015804,12.10163181182,0.987071860609077
"781",2.08918805792928,11.1645127739757,1.8749766256639
"782",2.86788166873157,11.3442933317274,1.58210748938634
"783",1.81812794040889,11.9995519565418,1.87406528107117
"784",3.02796295564622,13.4590916233137,0.720300125604564
"785",3.64227734692395,13.4054482765496,2.09079718901461
"786",3.12272533215582,12.8071359805763,2.25628090501177
"787",1.39361697528511,13.8976612864062,1.41411996469154
"788",4.05264470446855,14.5124720036983,1.13484290261785
"789",1.42534749954939,11.9991498067975,1.27598751057009
"790",4.5352697391063,12.3462660349905,2.05868995506853
"791",1.52360738161951,13.7117764111608,3.12804451119854
"792",2.97626927029341,13.45248800423,2.38081600737221
"793",2.33536247070879,12.6238595945761,1.3949054618799
"794",1.72955268900841,14.2235332466662,1.12131505795548
"795",3.28271054569632,11.5086836852133,0.784951006640633
"796",4.61866167094558,13.1136982645839,1.58438213818048
"797",4.39143276959658,11.3388102501631,1.11980685471805
"798",1.27972275670618,12.0444986158982,0.733237840969038
"799",4.16426149196923,13.8739836337045,1.10090628810372
"800",4.49479414429516,14.3313861889765,2.16028127056464
"801",3.31963047850877,12.7614280721173,1.13683023256957
"802",1.53587995003909,14.5759893255308,1.65707743243576
"803",4.60417552199215,14.7890601344407,0.692048911947745
"804",3.26321292575449,14.7152880337089,1.71887747464211
"805",4.69341352581978,13.551149636507,0.995505400587646
"806",2.41037936788052,11.75046086777,1.37936435923611
"807",1.47956952359527,11.6063524801284,1.35049262527503
"808",3.11106567177922,13.5096419155598,2.08497979124386
"809",1.25871471595019,13.1455072155222,1.37575960439228
"810",1.94694342277944,11.2066725147888,1.94363918625592
"811",2.80030738934875,11.6229363232851,0.877806451976573
"812",4.63706409931183,11.8814399885014,1.13649308556004
"813",1.23005578387529,12.8913791421801,1.57727382563404
"814",1.16722346842289,14.1539986729622,1.61478063042681
"815",3.05342721752822,14.8515550429001,1.76797849419528
"816",2.85358775779605,12.3278482202441,1.45686800643527
"817",2.81764592789114,12.7975401841104,1.51309362599071
"818",2.16979581583291,12.3494567275047,0.918337265984779
"819",2.84586843755096,13.4368358571082,1.55857344411542
"820",1.00630989484489,11.5535262152553,1.8786046535691
"821",2.84866398014128,13.6175069939345,1.72506203365757
"822",4.42786504328251,13.4771794434637,1.02574617494272
"823",1.24408951215446,14.0091509949416,1.49599136217943
"824",3.67175278346986,14.3875707378611,1.58761394392659
"825",2.050297267735,14.7967771757394,1.4136497928387
"826",4.88203278649598,14.7989002019167,1.80538183655373
"827",3.76404702942818,12.5805118111894,2.38391512774091
"828",1.23413267079741,14.940781599842,1.19923589468379
"829",1.31883620470762,12.1160599011928,1.24093300677586
"830",4.77311654761434,13.1027647284791,1.64790572468412
"831",2.78226725570858,12.8428382258862,2.38816574046931
"832",1.46968450956047,13.3272870648652,1.16391965845924
"833",4.30122739914805,14.4409870859236,1.7780914810026
"834",4.89232169184834,13.9330102037638,2.00984239647145
"835",2.34875027928501,13.6260917149484,2.19541187883396
"836",3.59814678970724,13.2235647104681,1.04040679215603
"837",1.45319997798651,13.6568590151146,1.17832398881295
"838",3.45578671712428,14.6195239918306,1.92045120739562
"839",3.89961403422058,11.6216840362176,2.14748074821778
"840",3.8151110522449,13.72758424934,1.15508958443183
"841",4.09865512233227,14.2602464826778,1.5153012378083
"842",1.44386090803891,14.0081427348778,1.57132568648382
"843",2.0826102681458,13.6709534823895,1.56660779293271
"844",2.3436407353729,14.8762112567201,1.47052706522372
"845",3.41974314581603,13.6239450648427,1.66290673978816
"846",3.73985612019897,13.7320915581658,1.76422774775227
"847",2.18822994176298,11.8253557812423,1.64114174792724
"848",4.77426843997091,12.2017026096582,1.3108305957545
"849",3.70634570531547,11.017792634666,1.86251024212967
"850",3.01213161833584,12.8762263488024,1.92661490574791
"851",3.42825072817504,12.6494064573199,0.658277485258498
"852",3.63263457734138,11.1917577804998,1.6963237891668
"853",2.7754782801494,11.8688550665975,2.01716241912156
"854",4.61002079490572,13.9560383642092,1.3976825286897
"855",3.2981615755707,14.936785726808,1.09198654385844
"856",1.39487001299858,13.1710489550605,0.910271886323882
"857",2.01541134621948,11.1402900665998,0.960033700021305
"858",3.52613625768572,11.6393117075786,1.36564086433303
"859",2.19629008416086,13.0961327562109,1.22071292590892
"860",3.50558757781982,13.9425418525934,0.484234722591013
"861",4.88480836991221,11.0978572145104,1.7208049473516
"862",2.61403423920274,14.93182685785,1.5437972407006
"863",2.95105927065015,14.5105663342401,0.818055666018272
"864",2.7929626815021,12.2579197399318,1.17652919274982
"865",2.62440271116793,11.3674279358238,1.75791738072301
"866",4.68918800819665,14.0055852662772,1.4253035145812
"867",2.88710886612535,14.6292869551107,0.943057759182357
"868",2.47948647476733,12.2358369417489,1.37742244820873
"869",1.91992743406445,11.2226492548361,1.26183702950449
"870",3.62186500336975,11.1094820359722,1.22264019130334
"871",4.79328949376941,13.5887273410335,1.44175568039715
"872",3.25596923660487,11.0054239528254,1.44715406060436
"873",4.4221925009042,13.3357073040679,1.52313240771271
"874",2.23261575400829,12.8594887824729,1.98102377408459
"875",3.75716097652912,14.0260270349681,1.46359946331454
"876",1.40372922923416,12.8030594391748,1.2342085348517
"877",2.37350842077285,14.2169877719134,1.42225172789533
"878",4.64650288410485,12.5766950929537,0.97587483344351
"879",3.54984424170107,11.8171393377706,1.16525255400899
"880",1.59391055442393,13.6377582820132,0.888622762237853
"881",1.08189074043185,13.5078949639574,1.57216130148541
"882",1.77384682372212,11.6450181724504,0.917191419693944
"883",2.80340558942407,14.1294300947338,1.34203737892559
"884",4.94026174675673,14.442442310974,1.26231290731911
"885",2.73905186727643,12.2852559136227,0.836563550774496
"886",1.04971596971154,12.4366161460057,0.934285756378341
"887",3.08958886284381,14.0330329667777,0.955850515403406
"888",1.99621563218534,11.8273220416158,0.949314163138792
"889",1.53757498413324,12.3345761122182,0.908939333309189
"890",1.46172984037548,14.6599172437564,1.98913583086776
"891",1.03349396586418,12.1585724493489,1.41317595763428
"892",4.21735055558383,14.9642239687964,1.817574438318
"893",1.77553716301918,14.6568760126829,0.995066601311949
"894",1.27505536098033,13.6286713946611,1.15118682186576
"895",2.85162462200969,12.7179822586477,1.0788658214475
"896",3.7223956156522,14.4916829559952,1.21954537961268
"897",1.16360650863498,12.1418011002243,2.18139391688847
"898",2.29108991567045,14.7127395477146,1.37583057580323
"899",3.26800395641476,13.4692241540179,1.23954425909986
"900",2.58961477782577,12.7391133829951,2.54690718718769
"901",2.1939510665834,14.3000933732837,1.04168558172482
"902",4.74070058204234,11.3793578092009,1.71240753735959
"903",2.23639723099768,13.9144297074527,1.97107309160743
"904",2.89863906428218,13.4595684297383,1.31241775342853
"905",3.93946663290262,14.5713898744434,0.947708133623015
"906",2.12874868419021,12.655862942338,0.795393344333433
"907",2.12911040801555,12.7774585122243,0.926782965954746
"908",1.7717222571373,13.4534633010626,1.44535408554535
"909",1.33849331643432,11.1065444462001,1.05260323440965
"910",1.672044724226,13.383112330921,2.97128490862649
"911",3.27551082428545,13.7808713326231,1.48189573657025
"912",4.53315037116408,13.5666513489559,1.1195513195875
"913",3.05032467283309,12.9382457444444,1.80646166083088
"914",4.71415633894503,11.055641152896,1.20439843072338
"915",3.47098102141172,12.2784954095259,1.49960567191242
"916",2.93321484420449,12.3904173560441,1.52393953234647
"917",4.96519256010652,14.0982419336215,2.86241620459987
"918",3.65154747851193,12.7510919915512,1.21568862921965
"919",3.34301998000592,12.971913613379,0.978456839242386
"920",3.3247846076265,12.0019733328372,1.86764036277287
"921",1.55374221224338,11.9956323895603,1.30636477530104
"922",3.41820837650448,11.5517460154369,1.28556976024194
"923",2.99180801678449,14.6198570597917,1.55604789923154
"924",1.49195665400475,14.6286536706612,0.995764987561622
"925",1.04287136904895,11.6919707795605,1.48587035865863
"926",4.39311800152063,12.1705480227247,2.26107890988487
"927",2.00877911318094,11.816361897625,1.03865953755411
"928",3.40879192762077,11.0726804006845,1.73608705831701
"929",2.73142556566745,13.2376001430675,1.23949991071911
"930",4.69562007579952,11.802973780781,1.85874697283578
"931",3.54378346353769,14.1284661768004,2.27403948270523
"932",4.83084064722061,13.6895482949913,1.97168094279745
"933",1.81835691910237,11.0228502238169,2.0856474488841
"934",3.74132033810019,11.5148001443595,1.05330787500224
"935",4.38615970034152,14.1746288295835,1.37822143334289
"936",3.46669316105545,13.3333399575204,1.50660713839181
"937",2.45651246700436,12.9486910477281,1.03857016747417
"938",4.0512124048546,12.253055550158,1.42005286866679
"939",3.91867064125836,13.8894881233573,1.75513262870062
"940",2.73221645038575,12.3586259242147,1.62137146233098
"941",2.65714334789664,14.4446399370208,0.970537743755262
"942",2.25123385712504,12.8077636417001,1.62639120090678
"943",4.48391441628337,11.6939059020951,0.974018649868362
"944",2.97017608955503,12.4804943492636,0.762668479608087
"945",1.25444447994232,12.4650601092726,1.77361561135056
"946",1.40036907978356,14.1827677851543,1.65480447869192
"947",2.23681083973497,13.8200678629801,1.30705780317176
"948",1.69802466128021,14.4570318991318,1.67462094768705
"949",1.99842327553779,14.9866365343332,1.7372473068552
"950",1.6137809343636,13.9519209964201,1.91318803535955
"951",3.86008107755333,12.8876949930564,1.49641103177883
"952",3.8637663172558,12.2206880617887,1.15654987983844
"953",2.49701470509171,14.6987709347159,1.94007836447622
"954",1.80724845640361,11.8672240749002,1.01328983130409
"955",3.5140545796603,14.8088922929019,2.29633150009782
"956",4.0922014284879,13.0825371621177,1.35459565096261
"957",3.59267761465162,11.3717073127627,1.16496633265724
"958",1.10835554171354,13.118087853305,1.83931672746712
"959",2.71807844750583,13.6981009505689,1.58100490045
"960",3.58010432962328,12.154773122631,1.42850317265701
"961",2.84545310027897,14.2862852178514,1.09788266895604
"962",3.70593217480928,11.2552437279373,1.33082967398864
"963",1.82749215792865,13.721194723621,1.71353928007553
"964",3.76978039462119,11.9763203859329,1.22589032757835
"965",2.07955915573984,12.7888622926548,0.840953619113254
"966",1.80088329594582,13.0921991905198,2.11950860275515
"967",4.82096373848617,13.2347412807867,1.03945836967067
"968",3.24722590483725,14.0999709069729,1.37670328022247
"969",2.11941141076386,13.1827221494168,1.36268314838065
"970",4.10800187569112,14.4359423527494,1.14005807936869
"971",2.68484568409622,14.183566885069,1.49426381443595
"972",4.86865998152643,12.1140156211331,1.46286068869911
"973",2.19545215833932,13.3520515793934,1.91800179644634
"974",2.80869484972209,12.349537470378,1.70110468686955
"975",1.49814580753446,11.7321541858837,1.96415034834687
"976",1.24441323615611,12.5916769346222,1.85908663232889
"977",1.8894189959392,11.0647596474737,1.36051629451366
"978",4.54209840856493,14.157642967999,1.35446631280338
"979",4.92623877711594,11.6489748843014,0.576332025914627
"980",1.17420259304345,11.2988026244566,1.09447807775077
"981",4.77936583850533,13.1174632366747,0.908189482685825
"982",3.00165053922683,11.2612914405763,1.23798492596293
"983",3.34741823934019,13.864470070228,1.37535864640199
"984",1.7705298718065,13.5271873855963,1.57858885863706
"985",2.96088521182537,14.7886450374499,2.31412432261814
"986",2.25748438667506,14.7687313808128,1.53596778031414
"987",1.90013892948627,14.7250543497503,0.943306254639855
"988",4.47785462532192,14.5869070030749,0.986742286761907
"989",3.75581697653979,14.8344854237512,0.864396159270044
"990",3.19546999037266,14.1086380723864,1.15182844292706
"991",3.69586884602904,14.1504916818812,1.36743943104441
"992",1.88610906060785,12.8660410568118,1.50116398242286
"993",4.99943454284221,13.8722427971661,1.12054901056108
"994",3.65963230840862,14.6482193889096,1.08918601463432
"995",1.39840089995414,11.5853536585346,1.1512508677247
"996",3.19232641067356,12.181864910759,1.86029431225921
"997",1.92980361636728,14.2697664555162,1.03747513380202
"998",1.99797511380166,13.3693069573492,1.55540181383389
"999",3.30344706308097,11.6581538058817,1.39726119687039
"1000",2.28162146732211,12.2734488816932,1.03089075395601
